track_name,artist_name,mood
we can't be friends (wait for your love),Ariana Grande,heartbreak
One Last Time,Ariana Grande,heartbreak
bloodline,Ariana Grande,confident
everytime,Ariana Grande,bittersweet
bad idea,Ariana Grande,dark
eternal sunshine,Ariana Grande,heartbreak
better off,Ariana Grande,bittersweet
goodnight n go,Ariana Grande,love
Moonlight,Ariana Grande,love
in my head,Ariana Grande,bittersweet
imagine,Ariana Grande,love
ghostin,Ariana Grande,heartbreak
Thinking Bout You,Ariana Grande,love
pov,Ariana Grande,love
Knew Better / Forever Boy,Ariana Grande,love
Dangerous Woman,Ariana Grande,confident
7 rings,Ariana Grande,confident
R.E.M,Ariana Grande,love
God is a woman,Ariana Grande,confident
Into You,Ariana Grande,love
boyfriend (with Social House),Ariana Grande,love
west side,Ariana Grande,love
I Don't Do Drugs (feat. Ariana Grande),Doja Cat,dark
obvious,Ariana Grande,love
get well soon,Ariana Grande,bittersweet
breathin,Ariana Grande,bittersweet
Wolves,Selena Gomez,bittersweet
Ghost,Justin Bieber,heartbreak
Problem,Ariana Grande,love
like JENNIE,JENNIE,confident
make up,Ariana Grande,love
Run Down The City - Monica,Shashwat Sachdev,party
intro (end of the world),Ariana Grande,bittersweet
nasty,Ariana Grande,love
"break up with your girlfriend, i'm bored",Ariana Grande,confident
needy,Ariana Grande,bittersweet
"thank u, next",Ariana Grande,confident
motive (with Doja Cat),Ariana Grande,love
NASA,Ariana Grande,confident
Quit (feat. Ariana Grande),Cashmere Cat,love
safety net (feat. Ty Dolla $ign),Ariana Grande,bittersweet
Let Me Love You,Ariana Grande,love
I Did Something Bad,Taylor Swift,confident
positions,Ariana Grande,love
don't wanna break up again,Ariana Grande,heartbreak
no tears left to cry,Ariana Grande,party
Cruel Summer,Taylor Swift,love
Greedy,Ariana Grande,party
the boy is mine,Ariana Grande,confident
Love Me Harder,Ariana Grande,love
supernatural,Ariana Grande,love
Don’t Blame Me,Taylor Swift,dark
fake smile,Ariana Grande,bittersweet
It's ok I'm ok,Tate McRae,confident
With You,AP Dhillon,love
true story,Ariana Grande,confident
Delicate,Taylor Swift,love
"yes, and?",Ariana Grande,confident
Touch It,Ariana Grande,bittersweet
...Ready For It?,Taylor Swift,confident
Sorry,Justin Bieber,love
i wish i hated you,Ariana Grande,heartbreak
Pehla Pyaar,Vishal Mishra,love
sweetener,Ariana Grande,party
Lover,Taylor Swift,love
Starboy,The Weeknd,confident
End Game,Taylor Swift,love
bye,Ariana Grande,bittersweet
august,Taylor Swift,bittersweet
A Nonsense Christmas,Sabrina Carpenter,party
My Everything,Ariana Grande,heartbreak
Lush Life,Zara Larsson,party
Stuck with U (with Justin Bieber),Ariana Grande,love
Break Free,Ariana Grande,confident
Nonsense,Sabrina Carpenter,party
successful,Ariana Grande,confident
Cornelia Street,Taylor Swift,bittersweet
London Boy,Taylor Swift,love
just like magic,Ariana Grande,love
Feather,Sabrina Carpenter,party
greedy,Tate McRae,confident
Back To You - From 13 Reasons Why – Season 2 Soundtrack,Selena Gomez,heartbreak
34+35,Ariana Grande,love
Leave Me Lonely,Ariana Grande,dark
deja vu,Olivia Rodrigo,bittersweet
Sports car,Tate McRae,love
worst behavior,Ariana Grande,dark
bad idea right?,Olivia Rodrigo,party
Die For You - Remix,The Weeknd,love
Kill Bill,SZA,dark
Honeymoon Avenue,Ariana Grande,bittersweet
De Una Vez,Selena Gomez,bittersweet
Almost Is Never Enough,Ariana Grande,heartbreak
Anti-Hero,Taylor Swift,bittersweet
Getaway Car,Taylor Swift,bittersweet
Look What You Made Me Do,Taylor Swift,dark
Until I Found You,Stephen Sanchez,love
Let Me Love You,DJ Snake,love
All Too Well (10 Minute Version) (Taylor's Version) (From The Vault),Taylor Swift,heartbreak
Side To Side,Ariana Grande,love
Daylight,Taylor Swift,love
imperfect for you,Ariana Grande,love
Be Alright,Ariana Grande,party
cardigan,Taylor Swift,bittersweet
Mine (Taylor's Version),Taylor Swift,love
HER,Chase Atlantic,dark
Gorgeous,Taylor Swift,love
Everyday,Ariana Grande,love
Step On Up,Ariana Grande,confident
run for the hills,Tate McRae,bittersweet
Saturn Returns Interlude,Ariana Grande,bittersweet
Hold On,Justin Bieber,bittersweet
"Good Luck, Babe!",Chappell Roan,bittersweet
Wildest Dreams (Taylor's Version),Taylor Swift,bittersweet
Buscando Amor,Selena Gomez,love
That’s So True,Gracie Abrams,dark
The Heart Wants What It Wants,Selena Gomez,bittersweet
off the table (with The Weeknd),Ariana Grande,heartbreak
Red (Taylor's Version),Taylor Swift,bittersweet
Style,Taylor Swift,love
I Knew You Were Trouble.,Taylor Swift,dark
Where Have You Been,Rihanna,party
Sadqay,Aashir Wajahat,love
pete davidson,Ariana Grande,love
Afterglow,Taylor Swift,bittersweet
Lose You To Love Me,Selena Gomez,heartbreak
Die For You,The Weeknd,love
Kiss It Better,Rihanna,love
Can't Remember to Forget You (feat. Rihanna),Shakira,dark
Love Story (Taylor’s Version),Taylor Swift,love
Can’t Catch Me Now - from The Hunger Games: The Ballad of Songbirds & Snakes,Olivia Rodrigo,dark
ordinary things (feat. Nonna),Ariana Grande,love
My Oh My (feat. DaBaby),Camila Cabello,love
Tattooed Heart,Ariana Grande,love
"Ghalat Fehmi - From ""Superstar""",Asim Azhar,heartbreak
Break Your Heart Right Back,Ariana Grande,confident
Blank Space,Taylor Swift,confident
Call It What You Want,Taylor Swift,love
"34+35 Remix (feat. Doja Cat, Megan Thee Stallion) - Remix",Ariana Grande,love
São Paulo (feat. Anitta),The Weeknd,party
Kinni Kinni,Diljit Dosanjh,party
Close To You,Gracie Abrams,love
Save Your Tears (with Ariana Grande) (Remix),The Weeknd,bittersweet
Gimme More,Britney Spears,party
Reminder,The Weeknd,confident
Eastside (with Halsey & Khalid),benny blanco,love
TIT FOR TAT,Tate McRae,confident
Same Old Love,Selena Gomez,bittersweet
Night Changes,One Direction,bittersweet
Just A Little Bit Of Your Heart,Ariana Grande,heartbreak
It Ain’t Me (with Selena Gomez),Kygo,bittersweet
Hits Different,Taylor Swift,heartbreak
Dress,Taylor Swift,love
Paper Rings,Taylor Swift,love
Feel Me,Selena Gomez,bittersweet
Kiss and Make Up,Dua Lipa,love
Die Young,Kesha,party
Bad Decisions,Ariana Grande,love
Needed Me,Rihanna,confident
We Found Love,Rihanna,party
King Of My Heart,Taylor Swift,love
Cake By The Ocean,DNCE,party
Daydreamin',Ariana Grande,love
Bang Bang,Jessie J,confident
Teenage Dream,Katy Perry,love
Wildest Dreams,Taylor Swift,bittersweet
Selfish Love (with Selena Gomez),DJ Snake,love
Beauty And A Beat,Justin Bieber,party
Na Ja,Pav Dharia,party
Why Try,Ariana Grande,bittersweet
twilight zone,Ariana Grande,heartbreak
Look At Her Now,Selena Gomez,confident
The One That Got Away,Katy Perry,heartbreak
Death By A Thousand Cuts,Taylor Swift,heartbreak
Espresso,Sabrina Carpenter,confident
Juno,Sabrina Carpenter,dark
shut up,Ariana Grande,love
The Hills,The Weeknd,love
Perfect,One Direction,love
Intentions (feat. Quavo),Justin Bieber,love
That's What I Like,Bruno Mars,party
Baby I,Ariana Grande,love
the light is coming (feat. Nicki Minaj),Ariana Grande,confident
We Don't Talk Anymore (feat. Selena Gomez),Charlie Puth,heartbreak
New Romantics (Taylor's Version),Taylor Swift,party
SAD GIRLZ LUV MONEY Remix (feat. Kali Uchis and Moliy),Amaarae,confident
The Way - Spanglish Version (feat. Mac Miller),Ariana Grande,love
Havana (feat. Young Thug),Camila Cabello,love
Fetish (feat. Gucci Mane),Selena Gomez,love
telepatía,Kali Uchis,love
Lean On,Major Lazer,party
Bed Chem,Sabrina Carpenter,love
Eyes Off You,PRETTYMUCH,love
Pretty Ugly,Zara Larsson,confident
"jealousy, jealousy",Olivia Rodrigo,bittersweet
Wide Awake,Katy Perry,bittersweet
Boyfriend,Dove Cameron,dark
Red,Taylor Swift,bittersweet
Love Me Like You Do,Ellie Goulding,love
Be My Baby,Ariana Grande,love
Tu Aake Dekhle,King,bittersweet
Until I Found You (with Em Beihold) - Em Beihold Version,Stephen Sanchez,love
Shake It Off,Taylor Swift,party
Friends,Chase Atlantic,dark
Con Calma - Remix,Daddy Yankee,party
Miss Americana & The Heartbreak Prince,Taylor Swift,bittersweet
Pasoori,Shae Gill,love
exes,Tate McRae,confident
Agora Hills,Doja Cat,love
Style (Taylor's Version),Taylor Swift,love
Closer,The Chainsmokers,love
Señorita,Shawn Mendes,love
Shameless,Camila Cabello,dark
2 hands,Tate McRae,love
double take,Dhruv,love
So It Goes...,Taylor Swift,love
"You're On Your Own, Kid",Taylor Swift,bittersweet
"I Love You, I'm Sorry",Gracie Abrams,bittersweet
Into It,Chase Atlantic,love
Sweater Weather,The Neighbourhood,bittersweet
Counting Stars,OneRepublic,party
Tere Pyaar Mein,Pritam,love
get him back!,Olivia Rodrigo,confident
Souvenir,Selena Gomez,love
Bitch Better Have My Money,Rihanna,confident
Lamberghini,The Doorbeen,party
she's all i wanna be,Tate McRae,dark
Lavender Haze,Taylor Swift,love
Revolving door,Tate McRae,bittersweet
Right There,Ariana Grande,love
Lost in the Fire (feat. The Weeknd),Gesaffelstein,dark
Diet Pepsi,Addison Rae,love
I Like It,Cardi B,party
Fuck Up the Friendship,Leah Kate,love
Sofia,Clairo,love
Slow Down,Chase Atlantic,dark
I Think He Knows,Taylor Swift,love
Don't Go Yet,Camila Cabello,party
You’ll Never Know,Ariana Grande,confident
There's Nothing Holdin' Me Back,Shawn Mendes,party
Hate Me,Ellie Goulding,dark
Summer High,AP Dhillon,party
The Archer,Taylor Swift,bittersweet
Hass Hass,Diljit Dosanjh,love
Confident,Justin Bieber,confident
Wishes,Hasan Raheem,love
Die For You (with Ariana Grande) - Remix,The Weeknd,love
California Gurls,Katy Perry,party
Dil Nu,AP Dhillon,bittersweet
Bejeweled,Taylor Swift,confident
sex money feelings die,Lykke Li,dark
Maahi Ve,A.R. Rahman,love
Disturbia,Rihanna,dark
Who Says,Selena Gomez & The Scene,confident
Hands On Me,Ariana Grande,love
Only Girl (In The World),Rihanna,party
traitor,Olivia Rodrigo,heartbreak
vampire,Olivia Rodrigo,dark
I Can Do It With a Broken Heart,Taylor Swift,bittersweet
favorite crime,Olivia Rodrigo,heartbreak
Call Out My Name,The Weeknd,heartbreak
Dance To This (feat. Ariana Grande),Troye Sivan,love
New Rules,Dua Lipa,confident
I Forgot That You Existed,Taylor Swift,confident
Babydoll,Dominic Fike,love
Blinding Lights,The Weeknd,bittersweet
Calm Down (with Selena Gomez),Rema,love
Naah,Harrdy Sandhu,party
Is It Over Now? (Taylor's Version) (From The Vault),Taylor Swift,heartbreak
Kya Baat Ay,Harrdy Sandhu,love
Outside (feat. Ellie Goulding),Calvin Harris,confident
Baby,Madison Beer,love
Save Your Tears (Remix) (with Ariana Grande) - Bonus Track,The Weeknd,bittersweet
Lehanga,Jass Manak,love
Better Than Revenge (Taylor's Version),Taylor Swift,dark
"1 step forward, 3 steps back",Olivia Rodrigo,heartbreak
This Is Why We Can't Have Nice Things,Taylor Swift,dark
Break My Heart,Dua Lipa,party
Florida!!! (feat. Florence + The Machine),Taylor Swift,bittersweet
"Baby, I'm Jealous (feat. Doja Cat)",Bebe Rexha,dark
Attention,Charlie Puth,dark
Swim,Chase Atlantic,dark
The Man,Taylor Swift,confident
Taste,Sabrina Carpenter,confident
Promiscuous,Nelly Furtado,love
supernatural (with Troye Sivan),Ariana Grande,love
Without Me,Halsey,heartbreak
Mastermind,Taylor Swift,love
Love You Like A Love Song,Selena Gomez & The Scene,love
Sucker,Jonas Brothers,love
Please Please Please,Sabrina Carpenter,bittersweet
borderline (feat. Missy Elliott),Ariana Grande,love
Karma,Taylor Swift,confident
Last Friday Night (T.G.I.F.),Katy Perry,party
False God,Taylor Swift,love
Hate Me (with Juice WRLD),Ellie Goulding,dark
Dear John (Taylor's Version),Taylor Swift,heartbreak
Kabira,Pritam,bittersweet
"Shararat (From ""Dhurandhar"")",Shashwat Sachdev,party
The Middle,Zedd,love
Miss possessive,Tate McRae,confident
"One Of The Girls (with JENNIE, Lily Rose Depp)",The Weeknd,love
Bad (feat. Rihanna) - Remix,Wale,dark
Tití Me Preguntó,Bad Bunny,party
We Are Never Ever Getting Back Together (Taylor's Version),Taylor Swift,confident
Youngblood,5 Seconds of Summer,heartbreak
Jhol,Maanu,heartbreak
obsessed,Olivia Rodrigo,party
raindrops (an angel cried),Ariana Grande,heartbreak
"Taras - From ""Munjya""",Sachin-Jigar,love
Ruin My Life,Zara Larsson,bittersweet
TiK ToK,Kesha,party
intro (end of the world) - instrumental,Ariana Grande,bittersweet
Bad Blood,Taylor Swift,dark
All Of The Girls You Loved Before,Taylor Swift,love
On My Mind,Ellie Goulding,dark
Better Than Revenge,Taylor Swift,bittersweet
S&M,Rihanna,love
Lovin' It,Ariana Grande,love
Like A G6,Far East Movement,party
Love Yourself,Justin Bieber,confident
Better Left Unsaid,Ariana Grande,party
Out Of The Woods (Taylor's Version),Taylor Swift,bittersweet
Come & Get It,Selena Gomez,love
Primadonna,MARINA,confident
Dámelo To’ (feat. Myke Towers),Selena Gomez,love
What Do You Mean?,Justin Bieber,bittersweet
Vigilante Shit,Taylor Swift,dark
Mera Yaar,Dhvani Bhanushali,love
IDGAF,Dua Lipa,confident
Piano,Ariana Grande,party
Story of My Life,One Direction,bittersweet
Sex With Me,Rihanna,love
Your Love Is My Drug,Kesha,love
Subah Subah,Arijit Singh,love
One Last Time - Instrumental,Ariana Grande,heartbreak
Talking Body,Tove Lo,love
Despacito - Remix,Luis Fonsi,love
Collide (feat. Tyga),Justine Skye,love
Kabira-Naina,Neha Kakkar,bittersweet
Kiss Me More (feat. SZA),Doja Cat,love
Now That We Don't Talk (Taylor's Version) (From The Vault),Taylor Swift,heartbreak
Animals,Maroon 5,dark
Midnight Sun,Zara Larsson,love
imgonnagetyouback,Taylor Swift,confident
Harleys In Hawaii,Katy Perry,love
On & On,Cartoon,party
Dusk Till Dawn (feat. Sia) - Radio Edit,ZAYN,love
Call Me Maybe,Carly Rae Jepsen,party
Boss Bitch,Doja Cat,confident
What A Time (feat. Niall Horan),Julia Michaels,bittersweet
Si mes vers avaient des ailes,Reynaldo Hahn,love
Dancing With Our Hands Tied,Taylor Swift,bittersweet
twilight zone - instrumental,Ariana Grande,heartbreak
You Don't Know Me,Ariana Grande,confident
Apna Bana Le,Sachin-Jigar,love
ME! (feat. Brendon Urie of Panic! At The Disco),Taylor Swift,love
ExtraL (feat. Doechii),JENNIE,confident
Mahiye Jinna Sohna,Darshan Raval,love
i'm yours,Isabel LaRosa,dark
happier,Olivia Rodrigo,heartbreak
I Knew You Were Trouble (Taylor's Version),Taylor Swift,dark
"Naina (From ""Crew"")",Diljit Dosanjh,love
Favorite,Isabel LaRosa,love
Samjho Na,Aditya Rikhari,heartbreak
"Tum Se (From ""Teri Baaton Mein Aisa Uljha Jiya"")",Sachin-Jigar,love
Fame is a Gun,Addison Rae,confident
Champagne & Sunshine,PLVTINUM,love
Yellow,Coldplay,love
lovely (with Khalid),Billie Eilish,heartbreak
Just Dance,Lady Gaga,party
Issues,Julia Michaels,bittersweet
Love On The Brain,Rihanna,dark
Baila Conmigo (with Rauw Alejandro),Selena Gomez,love
Suburban Legends (Taylor's Version) (From The Vault),Taylor Swift,bittersweet
Tears,Sabrina Carpenter,love
Bored,Billie Eilish,bittersweet
us. (feat. Taylor Swift),Gracie Abrams,love
Prada,The Doorbeen,party
Worth It (feat. Kid Ink),Fifth Harmony,confident
we can't be friends (wait for your love) – instrumental,Ariana Grande,heartbreak
I Was Never There,The Weeknd,heartbreak
See You Again (feat. Kali Uchis),"Tyler, The Creator",love
a thousand years,Christina Perri,love
Back To You,Selena Gomez,heartbreak
Stereo Hearts (feat. Adam Levine),Gym Class Heroes,love
Heaven,Julia Michaels,love
Bom Diggy Diggy,Zack Knight,party
Honest (feat. Don Toliver),Justin Bieber,confident
